{
	"bokmal": {
		"e": 14.144177516492821,
		"r": 8.068058884628007,
		"t": 7.5733739077146405,
		"n": 7.308974946249637,
		"s": 5.875644758043851,
		"a": 5.78925664734729,
		"i": 5.678324040833158,
		"l": 4.768937706324948,
		"o": 4.564509526447893,
		"d": 3.880145786636458,
		"k": 3.4062034064823914,
		"g": 3.3875548705482665,
		"⇑": 3.2822690325959063,
		"m": 3.0138381459636014,
		"v": 2.16897816408884,
		"p": 1.8998434785794818,
		"f": 1.8805367047056356,
		"u": 1.5355782528394548,
		"h": 1.508202619541337,
		"å": 1.426665485508804,
		"b": 1.3917245587486378,
		".": 1.237426259339807,
		"j": 0.8992515087182074,
		",": 0.8262337037216848,
		"\n": 0.7922536510318111,
		"ø": 0.7820381571194972,
		"y": 0.6438780121322243,
		"-": 0.3112262402216363,
		"0": 0.3083461007769429,
		"c": 0.24830053130238067,
		"1": 0.19062347720951753,
		"æ": 0.1835533867078117,
		";": 0.1629099699239447,
		"2": 0.15593073995309245,
		"9": 0.12550657468282206,
		"3": 0.07277009462309768,
		"w": 0.07140344073236829,
		"/": 0.07040349576266296,
		"5": 0.07037814541321101,
		"4": 0.05746767414472647,
		"8": 0.04856382125139309,
		"6": 0.04684008460326316,
		"7": 0.04578421205847826,
		"x": 0.04056343390502263,
		"z": 0.0329281003022206,
		"'": 0.011730416857226231,
		"q": 0.00770681113450419,
		"=": 0.002157785157217074,
		"[": 0.0003488068701224153,
		"]": 0.0003451916141009167,
		"\\": 0.00020903148972495892,
		"`": 0.00012270091822363184
	},
	"italian": {
		"e": 10.422056208361033,
		"i": 10.167265446887308,
		"a": 10.09066155300645,
		"o": 8.071749993704588,
		"n": 6.5477128850347475,
		"t": 6.044859637759082,
		"l": 5.970880337702399,
		"r": 5.854758614421192,
		"s": 4.593317871309021,
		"c": 3.925612326811171,
		"d": 3.508654498971676,
		"⇑": 3.459809955686425,
		"u": 2.7882291393017837,
		"p": 2.5120426167116383,
		"m": 2.4523592039136837,
		"g": 1.6331162962196941,
		"v": 1.378374861243698,
		",": 1.0675474703526149,
		"f": 1.0308687422052547,
		"h": 0.8989325353164763,
		"b": 0.8927009806186293,
		"z": 0.8507440030328569,
		".": 0.7595408010959405,
		"'": 0.7347843974129729,
		"\n": 0.5935565864235035,
		"*": 0.5764459469791361,
		"0": 0.4815482846168452,
		"9": 0.34945632224240647,
		"q": 0.33949700387868076,
		"1": 0.3335588947150883,
		"2": 0.20418051807871906,
		"-": 0.17633783083647261,
		";": 0.14901055836825683,
		"k": 0.13099609725293979,
		"y": 0.12349556341927448,
		"5": 0.11879933523590137,
		"3": 0.11548990425616827,
		"8": 0.10023293574552893,
		"4": 0.09660861634319767,
		"7": 0.08950709303255522,
		"w": 0.0887661744767138,
		"6": 0.08671543318820922,
		"/": 0.05686269116354594,
		"x": 0.05056295907711945,
		"j": 0.049163437522154706,
		"\\": 0.010841932782467364,
		"]": 0.007301185662910977,
		"[": 0.007264504971129153,
		"=": 0.005775363139241366,
		"`": 0.001444449511494087
	},
	"nynorsk": {
		"e": 12.833364712004403,
		"r": 7.955866774512332,
		"t": 7.207020849712865,
		"a": 7.161286099949013,
		"n": 6.784378431621297,
		"i": 6.4802342653472005,
		"s": 5.771466849174715,
		"o": 4.838227463313216,
		"l": 4.705548206931158,
		"d": 3.944500961965011,
		"k": 3.9052708895085617,
		"g": 3.641932462864757,
		"m": 3.14309239631504,
		"⇑": 3.020432767089727,
		"v": 2.29570667056678,
		"f": 1.888255300099954,
		"p": 1.6886303896907735,
		"å": 1.676388667801686,
		"u": 1.6126751515670616,
		"h": 1.2509585308640878,
		"j": 1.247281974125121,
		".": 1.2464739396769964,
		"b": 1.1953657608331159,
		",": 0.8816059846263367,
		"ø": 0.6938995823269938,
		"y": 0.6579824511078557,
		"\n": 0.6335394090520867,
		"0": 0.2206742077828262,
		"c": 0.17392941495881853,
		"-": 0.16431380502613588,
		"1": 0.15061762113042404,
		";": 0.12084155171703281,
		"æ": 0.11910427765356493,
		"9": 0.1100542918345695,
		"/": 0.1056909058146967,
		"2": 0.09987305778819963,
		"z": 0.062299455950406084,
		"w": 0.053047461519379495,
		"3": 0.04294703091782209,
		"5": 0.042341005081728646,
		"6": 0.03329101926273321,
		"4": 0.03321021581792075,
		"7": 0.032846600316264685,
		"8": 0.030947719363171894,
		"x": 0.02492786272464368,
		"'": 0.009534806487870192,
		"q": 0.005171420467997392,
		"]": 0.000969641337749511,
		"[": 0.000969641337749511,
		"=": 0.0007272310033121333,
		"`": 0.00024241033443737775,
		"\\": 4.0401722406229626e-05
	},
	"monkeyracer": {
		"e": 11.49665906102196,
		"t": 8.679693556334602,
		"o": 7.634989731856561,
		"a": 7.187961948760761,
		"i": 6.613092379813551,
		"n": 6.510254020163851,
		"s": 5.658934435576422,
		"r": 5.146364198441418,
		"h": 5.039602707065508,
		"l": 3.9442120206848426,
		"d": 3.4708731008119313,
		"u": 3.023688392447082,
		"⇑": 2.6304336682118574,
		"y": 2.4772746056206447,
		"m": 2.4600651344483397,
		"w": 2.248791413886212,
		"c": 2.155107028264333,
		"g": 2.004615695246943,
		"f": 1.9411655781283836,
		".": 1.5775174213202854,
		"p": 1.5166827253525326,
		"b": 1.4518725892355542,
		",": 1.3554681656168366,
		"v": 1.0362298599494282,
		"k": 0.9184835997401317,
		"'": 0.8184698949333015,
		"j": 0.1495497814031002,
		"/": 0.13610651668795617,
		"-": 0.1357403577268433,
		"x": 0.12355249516408628,
		"1": 0.10581993976162005,
		";": 0.09530594673537901,
		"z": 0.07213331533923581,
		"q": 0.06674554776857498,
		"0": 0.041166728913690054,
		"9": 0.02301570612709482,
		"2": 0.01025245091116042,
		"5": 0.008473964528612184,
		"3": 0.006695478146063948,
		"8": 0.006172393915902702,
		"7": 0.0054400759936769575,
		"4": 0.005387767570660833,
		"6": 0.004498524379386715,
		"=": 0.0022492621896933575,
		"[": 0.0013600189984192394,
		"]": 0.0013077105754031148,
		"\\": 0.00047077580714512135,
		"\n": 5.230842301612459e-05
	},
	"shai": {
		"␣": 16.379421938924388,
		"e": 9.329310691873316,
		"t": 7.082983808798289,
		"a": 6.318527334359438,
		"o": 6.053257444516033,
		"i": 5.6560252768221755,
		"n": 5.393499632152169,
		"s": 5.097523534331797,
		"r": 4.799783463647845,
		"h": 3.6303775326109218,
		"l": 3.286749226508615,
		"d": 2.8834410701744764,
		"⇑": 2.7201176530733457,
		"c": 2.4582739128691404,
		"u": 2.2913911428993754,
		"m": 1.928511552307796,
		"f": 1.6938795137216767,
		"p": 1.6667145533200225,
		"g": 1.6250019897347865,
		"y": 1.5281473536172625,
		"w": 1.4294284265313284,
		"b": 1.1874151554547827,
		".": 0.8737620099246272,
		"v": 0.8499232505531241,
		",": 0.7987637883078262,
		"k": 0.6370561762616667,
		"'": 0.3576530727542664,
		"\n": 0.3420490811297603,
		"0": 0.22142311862096017,
		"-": 0.20821179693321754,
		"x": 0.17115229373152918,
		"1": 0.16465415616023887,
		"j": 0.13862299356585173,
		"9": 0.11630674156434849,
		"2": 0.0970179532531968,
		"q": 0.08137571881524695,
		";": 0.077626629862522,
		"z": 0.07678732019356081,
		"/": 0.06472605412749624,
		"5": 0.06063795279472643,
		"4": 0.052667928775579215,
		"3": 0.051694861633510406,
		"7": 0.038281610500869125,
		"8": 0.03667338010943017,
		"6": 0.03467311469321999,
		"=": 0.008476787484249688
	}
}