{
	"bokmal": {
		"␣": 15.57526192923945,
		"e": 11.974841761937029,
		"r": 6.830636023675049,
		"t": 6.411822394276123,
		"n": 6.187975109987445,
		"s": 4.974479155460734,
		"a": 4.90134065345185,
		"i": 4.8074221199989875,
		"l": 4.037511148257735,
		"o": 3.8644367434113565,
		"d": 3.2850359629634704,
		"⇑": 2.9998018123570938,
		"k": 2.88378357483394,
		"g": 2.8679952218779237,
		"m": 2.5515965740617137,
		"v": 1.836315350947379,
		"p": 1.608458675091519,
		"f": 1.5921130401612997,
		"u": 1.3000619208421638,
		"h": 1.2768849721298388,
		"å": 1.207853437661121,
		"b": 1.1782715076775268,
		".": 1.047638410249117,
		"j": 0.7613305551720615,
		",": 0.6995117141954289,
		"ø": 0.6620945737129655,
		"y": 0.5451244726166167,
		"-": 0.3620602942337308,
		"0": 0.26105411646655746,
		"c": 0.21021791958449432,
		"1": 0.16138697163779622,
		"æ": 0.1554012425346526,
		";": 0.1379239697045942,
		"2": 0.1320151655748616,
		"'": 0.12320319967295425,
		"9": 0.10625724756049225,
		"3": 0.06160912270060744,
		"w": 0.06045207669593612,
		"/": 0.059608520240146456,
		"5": 0.059584034054937965,
		"4": 0.04865368124143118,
		"8": 0.04111543949178503,
		"6": 0.03965607760407268,
		"7": 0.03876214746003783,
		"x": 0.034342096015624754,
		"z": 0.02787781687415183,
		"q": 0.006524793945580067,
		"=": 0.0018268390497645514,
		"[": 0.00029530929390004905,
		"]": 0.00029224852074898706,
		"\\": 0.00017697169098730462,
		"`": 0.00010388190321134342
	},
	"english": {
		"␣": 16.379421938924388,
		"e": 9.329310691873316,
		"t": 7.082983808798289,
		"a": 6.318527334359438,
		"o": 6.053257444516033,
		"i": 5.6560252768221755,
		"n": 5.393499632152169,
		"s": 5.097523534331797,
		"r": 4.799783463647845,
		"h": 3.6303775326109218,
		"l": 3.286749226508615,
		"d": 2.8834410701744764,
		"⇑": 2.7201176530733457,
		"c": 2.4582739128691404,
		"u": 2.2913911428993754,
		"m": 1.928511552307796,
		"f": 1.6938795137216767,
		"p": 1.6667145533200225,
		"g": 1.6250019897347865,
		"y": 1.5281473536172625,
		"w": 1.4294284265313284,
		"b": 1.1874151554547827,
		".": 0.8737620099246272,
		"v": 0.8499232505531241,
		",": 0.7987637883078262,
		"k": 0.6370561762616667,
		"'": 0.3576530727542664,
		"\n": 0.3420490811297603,
		"0": 0.22142311862096017,
		"-": 0.20821179693321754,
		"x": 0.17115229373152918,
		"1": 0.16465415616023887,
		"j": 0.13862299356585173,
		"9": 0.11630674156434849,
		"2": 0.0970179532531968,
		"q": 0.08137571881524695,
		";": 0.077626629862522,
		"z": 0.07678732019356081,
		"/": 0.06472605412749624,
		"5": 0.06063795279472643,
		"4": 0.052667928775579215,
		"3": 0.051694861633510406,
		"7": 0.038281610500869125,
		"8": 0.03667338010943017,
		"6": 0.03467311469321999,
		"=": 0.008476787484249688
	},
	"french": {
		"␣": 14.91621759902136,
		"e": 11.092036212479766,
		"s": 6.236862350674902,
		"a": 5.974797941635985,
		"n": 5.753372951420438,
		"i": 5.645364247209864,
		"t": 5.415374035154703,
		"r": 5.413078092405904,
		"u": 4.3578825197721125,
		"l": 4.326034220554339,
		"o": 4.308367372361704,
		"d": 3.25651262232518,
		"c": 2.722413087580112,
		"⇑": 2.6489954921895436,
		"p": 2.3531737424486994,
		"m": 2.146217709505905,
		"é": 1.9371793098839676,
		"v": 1.051165556488673,
		"'": 1.022142211515307,
		",": 0.9256115781558831,
		"f": 0.8927726145534758,
		".": 0.8514555024321591,
		"g": 0.8375862010472866,
		"b": 0.7250825420168817,
		"q": 0.6962087002922747,
		"h": 0.6572540680799186,
		"0": 0.3655305145371989,
		"à": 0.3595298484262955,
		"x": 0.33371260883703024,
		"j": 0.293951316238513,
		"è": 0.2802602687271609,
		"y": 0.23138995675782817,
		"-": 0.22126234382403925,
		"9": 0.21359824870908667,
		"1": 0.21146823813748195,
		"2": 0.15743020672890298,
		"5": 0.10854757306324393,
		"k": 0.10557804424860796,
		"ê": 0.10337985362399776,
		"3": 0.09396607763071194,
		"z": 0.09231989900151955,
		";": 0.09095219070930131,
		"4": 0.0723045354890935,
		"7": 0.07080703866223835,
		"8": 0.06653058859059385,
		"6": 0.06446300794704234,
		"w": 0.058182228606321267,
		"ç": 0.04446243047020784,
		"ô": 0.039653683117267594,
		"/": 0.032757640406653764,
		"î": 0.026510540369224556,
		"â": 0.024070023050197314,
		"û": 0.016207137901180568,
		"ù": 0.015232902444981879,
		"ï": 0.008129855236086371,
		"]": 0.007926136523491703,
		"[": 0.00787602829176479,
		"=": 0.005526691525552097,
		"ë": 0.004074374251893342,
		"œ": 0.002203119303140714,
		"ü": 0.0013783870957010135,
		"ö": 0.001320885846178325,
		"`": 0.0012214908291462497,
		"á": 0.000701515244176797,
		"í": 0.0006768718515242164,
		"ä": 0.0006563356909803992,
		"ó": 0.00045261697838573205,
		"\\": 0.0003984015145500545,
		"ú": 0.0001371815524326992,
		"ì": 5.832269594444097e-05,
		"ò": 4.435810677464525e-05
	},
	"german": {
		"e": 13.386943529929642,
		"␣": 11.158480256339692,
		"n": 7.386199157647479,
		"i": 6.497286980955901,
		"r": 6.114184682364042,
		"⇑": 5.859179255289168,
		"t": 5.430502248319715,
		"s": 5.082698516405469,
		"a": 4.48255708686815,
		"d": 3.8494179574599237,
		"h": 3.3179735520345117,
		"l": 2.942467702778492,
		"u": 2.8794091980161265,
		"g": 2.577473265831803,
		"c": 2.150680417555885,
		"o": 2.0242224650294665,
		"m": 1.971643471476858,
		".": 1.8620013860629,
		"b": 1.683257531336201,
		"f": 1.4630302842521559,
		"w": 1.2187755277334105,
		"k": 1.207303094799441,
		"z": 0.9041070691819807,
		"p": 0.8384386557107923,
		"v": 0.6814812581737845,
		"ü": 0.5184287567995948,
		"ä": 0.4624602714173465,
		"-": 0.22583785297146083,
		"ö": 0.21482798598130107,
		"1": 0.21071473795509685,
		"j": 0.17975472081942123,
		"0": 0.16668723290679768,
		"ß": 0.14359881209077993,
		"/": 0.11466252095927165,
		",": 0.10676699881493397,
		"2": 0.08895422234081456,
		"y": 0.08112649003306968,
		"5": 0.06758247944557325,
		"9": 0.05910077459658019,
		"3": 0.056305440746488924,
		"x": 0.04983749280804664,
		"'": 0.04862525102426954,
		"4": 0.04763432311878069,
		"8": 0.04339945215045412,
		"7": 0.040185416368466155,
		"6": 0.03992023847826492,
		";": 0.037613390215386455,
		"q": 0.024948653684873083,
		"=": 0.0005802012484854205,
		"`": 0.00024523970296806436,
		"\\": 0.00022729533445820597,
		"]": 0.00012959821701564377,
		"[": 0.00012959821701564377
	},
	"italian": {
		"␣": 14.550497169206626,
		"e": 8.932012685600775,
		"i": 8.713649411774691,
		"a": 8.647997592380229,
		"o": 6.917730234550835,
		"n": 5.611585025216364,
		"t": 5.180624810277347,
		"l": 5.117222345987426,
		"r": 5.017702569401547,
		"s": 3.9366102691534897,
		"c": 3.3643667238810875,
		"⇑": 3.06755033299422,
		"d": 3.0070214425694073,
		"u": 2.3895954449589114,
		"p": 2.152895366390146,
		"m": 2.1017449034130213,
		"g": 1.3996293229730727,
		"v": 1.181308323425176,
		",": 0.9149199886315041,
		"f": 0.88348522580216,
		"'": 0.7764621014165641,
		"h": 0.7704119655874235,
		"b": 0.765071337548253,
		"z": 0.7291129576898775,
		".": 0.6509490963191802,
		"*": 0.49403135120785313,
		"0": 0.4127012271797522,
		"9": 0.29949447987322153,
		"q": 0.29095904730729755,
		"1": 0.28586991083390767,
		"2": 0.1749887873535522,
		"-": 0.15721480942604604,
		";": 0.12770648814635702,
		"k": 0.11226755824716991,
		"y": 0.10583937728060305,
		"5": 0.10181456980789792,
		"3": 0.09897828885698709,
		"8": 0.08590261227682089,
		"4": 0.08279646256594894,
		"7": 0.0767102455057434,
		"w": 0.07607525622843904,
		"6": 0.07431770984434707,
		"/": 0.048743992959700944,
		"x": 0.04333396240331414,
		"j": 0.04213453073332485,
		"\\": 0.009291859419424342,
		"]": 0.006257333644845398,
		"[": 0.006225897199122814,
		"=": 0.00494965828166142,
		"`": 0.0012379362673197447
	},
	"monkeyracer": {
		"e": 11.49665906102196,
		"t": 8.679693556334602,
		"o": 7.634989731856561,
		"a": 7.187961948760761,
		"i": 6.613092379813551,
		"n": 6.510254020163851,
		"s": 5.658934435576422,
		"r": 5.146364198441418,
		"h": 5.039602707065508,
		"l": 3.9442120206848426,
		"d": 3.4708731008119313,
		"u": 3.023688392447082,
		"⇑": 2.6304336682118574,
		"y": 2.4772746056206447,
		"m": 2.4600651344483397,